,Average Good,Max Good,Average Bad,Max Bad
P1_TO_LAPTOP,0.8156028368794326,5.0,8.99696048632219,139.66666666666666
P2_TO_LAPTOP,1.0341880341880343,7.666666666666667,40.376068376068375,475.0
P3_TO_LAPTOP,0.6082725060827251,3.0,22.84428223844282,236.0
P4_TO_LAPTOP,0.7615248226950354,4.666666666666667,7.8053333333333335,104.33333333333333
P5_TO_LAPTOP,0.8088336783988958,6.666666666666667,5.854382332643202,107.66666666666667
P6_TO_LAPTOP,0.5763239875389409,4.0,29.514018691588785,350.6666666666667
P7_TO_LAPTOP,0.8173333333333334,4.333333333333333,12.058902275769746,150.66666666666666
P8_TO_LAPTOP,0.7572706935123042,7.0,10.054809843400447,124.33333333333333
Overall,0.7779397473275025,0,11.746433203631646,0